{
    "lid": 8616666210503401472,
    "original_data": {
        "x_range": [
            -1546.5699462890625,
            1574.6099853515625
        ],
        "y_range": [
            -584.4600219726562,
            583.5499877929688
        ],
        "z_range": [
            1381.0,
            65300.0
        ],
        "z_mean": 4490.91845703125,
        "z_std": 12613.63671875,
        "z_median": 1890.0,
        "z_q1": 1813.0,
        "z_q3": 1953.25,
        "z_iqr": 140.25
    },
    "filtered_data": {
        "x_range": [
            -1546.5699462890625,
            1574.6099853515625
        ],
        "y_range": [
            -584.4600219726562,
            583.5499877929688
        ],
        "z_range": [
            1750.0,
            2013.0
        ],
        "z_mean": 1885.21337890625,
        "z_std": 85.6342544555664,
        "z_median": 1890.0,
        "z_q1": 1813.0,
        "z_q3": 1953.25,
        "z_iqr": 140.25
    },
    "shape": {
        "rows": 60,
        "cols": 160,
        "total_points": 9600
    },
    "outlier_info": {
        "outlier_count": 0,
        "outlier_percent": 0.0
    }
}