{
    "lid": 8616633446320218112,
    "x_range": [
        -1263.0,
        1510.1099853515625
    ],
    "y_range": [
        -487.70001220703125,
        483.7900085449219
    ],
    "z_range": [
        1241.0,
        65300.0
    ],
    "z_mean": 2051.007080078125,
    "z_std": 5650.59521484375,
    "shape": {
        "rows": 60,
        "cols": 160,
        "total_points": 9600
    }
}