{
    "lid": 8616663592888606720,
    "x_range": [
        -1549.6199951171875,
        1561.530029296875
    ],
    "y_range": [
        -573.8599853515625,
        592.5
    ],
    "z_range": [
        1405.0,
        65300.0
    ],
    "z_mean": 4098.00146484375,
    "z_std": 11674.025390625,
    "shape": {
        "rows": 60,
        "cols": 160,
        "total_points": 9600
    }
}