{
    "lid": 8616666210503401472,
    "x_range": [
        -1546.5699462890625,
        1574.6099853515625
    ],
    "y_range": [
        -584.4600219726562,
        583.5499877929688
    ],
    "z_range": [
        1381.0,
        65300.0
    ],
    "z_mean": 4490.91845703125,
    "z_std": 12613.63671875,
    "shape": {
        "rows": 60,
        "cols": 160,
        "total_points": 9600
    }
}