{
    "lid": 8616663592888606720,
    "original_data": {
        "x_range": [
            -1549.6199951171875,
            1561.530029296875
        ],
        "y_range": [
            -573.8599853515625,
            592.5
        ],
        "z_range": [
            1405.0,
            65300.0
        ],
        "z_mean": 4098.00146484375,
        "z_std": 11674.025390625,
        "z_median": 1887.0,
        "z_q1": 1807.0,
        "z_q3": 1951.0,
        "z_iqr": 144.0
    },
    "filtered_data": {
        "x_range": [
            -1549.6199951171875,
            1561.530029296875
        ],
        "y_range": [
            -573.8599853515625,
            592.5
        ],
        "z_range": [
            1743.0,
            2012.0
        ],
        "z_mean": 1881.19873046875,
        "z_std": 87.9101333618164,
        "z_median": 1887.0,
        "z_q1": 1807.0,
        "z_q3": 1951.0,
        "z_iqr": 144.0
    },
    "shape": {
        "rows": 60,
        "cols": 160,
        "total_points": 9600
    },
    "outlier_info": {
        "outlier_count": 0,
        "outlier_percent": 0.0
    }
}