{
    "lid": 8616633446320218112,
    "original_data": {
        "x_range": [
            -1263.0,
            1510.1099853515625
        ],
        "y_range": [
            -487.70001220703125,
            483.7900085449219
        ],
        "z_range": [
            1241.0,
            65300.0
        ],
        "z_mean": 2051.007080078125,
        "z_std": 5650.59521484375,
        "z_median": 1549.5,
        "z_q1": 1508.0,
        "z_q3": 1588.0,
        "z_iqr": 80.0
    },
    "filtered_data": {
        "x_range": [
            -1263.0,
            1510.1099853515625
        ],
        "y_range": [
            -487.70001220703125,
            483.7900085449219
        ],
        "z_range": [
            1457.0,
            1651.0
        ],
        "z_mean": 1549.8653564453125,
        "z_std": 58.391334533691406,
        "z_median": 1549.5,
        "z_q1": 1508.0,
        "z_q3": 1588.0,
        "z_iqr": 80.0
    },
    "shape": {
        "rows": 60,
        "cols": 160,
        "total_points": 9600
    },
    "outlier_info": {
        "outlier_count": 0,
        "outlier_percent": 0.0
    }
}